Workbook
Name code: company!$A$1
Name fq_0: company!$C$2
Name fq_1: company!$C$3
Name fq_m1: company!$C$1

Sheet company
A1: A054950 | C1: 202603
C2: 202606
C3: 202609

Sheet consensus
A1: Refresh | B1: Last Update : 2026-07-31 16:35:03
A2: 0
A3: Company Consensus
A4: Frequency | B4: W | C4: Ascending | D4: 1
A5: Period(From) | B5: CPD-6M [20260130] | C5: Korean | D5: 0
A6: Period(To) | B6: CPD [20260731] | D6: 0
A8: Code | B8: =code -> A054950 | C8: =code -> A054950 | D8: =code -> A054950
A9: Name | B9: 제이브이엠 | C9: 제이브이엠 | D9: 제이브이엠
A10: Item Code | B10: E121000.M | C10: E121500.M | D10: E122710.M
A11: Unit | B11: Local mn | C11: Local mn | D11: Local mn
A12: Base Date | B12: =fq_0 -> 202606 | C12: =fq_0 -> 202606 | D12: =fq_0 -> 202606
A14: D A T E | B14: 매출액 | C14: 영업이익 | D14: 당기순이익(지배)
A15: 46052 | B15: 46500 | C15: 10100 | D15: 8500
A16: 46059 | B16: 46500 | C16: 10100 | D16: 8500
A17: 46066 | B17: 48500 | C17: 10850 | D17: 9350
A18: 46073 | B18: 48500 | C18: 10850 | D18: 9350
A19: 46080 | B19: 48500 | C19: 10850 | D19: 9350
A20: 46087 | B20: 48500 | C20: 10850 | D20: 9350
A21: 46094 | B21: 48500 | C21: 10850 | D21: 9350
A22: 46101 | B22: 48500 | C22: 10850 | D22: 9350
A23: 46108 | B23: 48500 | C23: 10850 | D23: 9350
A24: 46115 | B24: 48500 | C24: 10850 | D24: 9350
A25: 46122 | B25: 48500 | C25: 10850 | D25: 9350
A26: 46129 | B26: 49766.67 | C26: 11566.67 | D26: 9933.33
... A41: 46234 | B41: 46750 | C41: 10400 | D41: 9200

Sheet future
A1: Refresh | B1: Last Update : 2026-07-31 16:35:05
A3: Peer Analysis (To Select)
A4: Account Type | B4: All Listed | C4: Korean
F9: =code -> A054950
A10: Account | B10: Period | C10: Unit | D10: Base Date | E10: Name | F10: 제이브이엠
A11: E121000.M | B11: =fq_1 -> 202609 | C11: Local mn | D11: CPD-1TD | E11: 매출액 | F11: 46500
A12: E121500.M | B12: =fq_1 -> 202609 | C12: Local mn | D12: CPD-1TD | E12: 영업이익 | F12: 9100
A13: E122710.M | B13: =fq_1 -> 202609 | C13: Local mn | D13: CPD-1TD | E13: 당기순이익(지배) | F13: 6700

Sheet sales
A1: Refresh | B1: Last Update : 2026-07-31 16:35:08
A3: Peer Analysis (To Select)
A4: Account Type | B4: All Listed | C4: Korean
F9: =code -> A054950
A10: Account | B10: Period | C10: Unit | D10: Base Date | E10: Name | F10: 제이브이엠
A11: M121000.M | B11: =LEFT(B12,4)-1& "AS" -> 2021AS | C11: Local mn | E11: 매출액 | F11: 115826.3
A12: M121000.M | B12: =LEFT(B13,4)-1& "AS" -> 2022AS | C12: Local mn | E12: 매출액 | F12: 141977.63
A13: M121000.M | B13: =LEFT(B14,4)-1& "AS" -> 2023AS | C13: Local mn | E13: 매출액 | F13: 157085.34
A14: M121000.M | B14: =LEFT(B15,4)-1& "AS" -> 2024AS | C14: Local mn | E14: 매출액 | F14: 159434.15
A15: M121000.M | B15: =IF(RIGHT(B23,2)="03",LEFT(B23,4)-1& "AS",LEFT(B23,4)& "AS") -> 2025AS | C15: Local mn | E15: 매출액 | F15: 173129.22
A16: M121000.M | B16: =IF(RIGHT(B17,2)="03",LEFT(B17,4)-1 & "12",B17-3) -> 202406 | C16: Local mn | E16: 매출액 | F16: 37746.09
A17: M121000.M | B17: =IF(RIGHT(B18,2)="03",LEFT(B18,4)-1 & "12",B18-3) -> 202409 | C17: Local mn | E17: 매출액 | F17: 37370.71
A18: M121000.M | B18: =IF(RIGHT(B19,2)="03",LEFT(B19,4)-1 & "12",B19-3) -> 202412 | C18: Local mn | E18: 매출액 | F18: 44157.56
A19: M121000.M | B19: =IF(RIGHT(B20,2)="03",LEFT(B20,4)-1 & "12",B20-3) -> 202503 | C19: Local mn | E19: 매출액 | F19: 42819.11
A20: M121000.M | B20: =IF(RIGHT(B21,2)="03",LEFT(B21,4)-1 & "12",B21-3) -> 202506 | C20: Local mn | E20: 매출액 | F20: 47537.48
A21: M121000.M | B21: =IF(RIGHT(B22,2)="03",LEFT(B22,4)-1 & "12",B22-3) -> 202509 | C21: Local mn | E21: 매출액 | F21: 39705.21
A22: M121000.M | B22: =IF(RIGHT(B23,2)="03",LEFT(B23,4)-1 & "12",B23-3) -> 202512 | C22: Local mn | E22: 매출액 | F22: 43067.42
A23: M121000.M | B23: =fq_m1 -> 202603 | C23: Local mn | E23: 매출액 | F23: 45484.14

Sheet op
A1: Refresh | B1: Last Update : 2026-07-31 16:35:11
A3: Peer Analysis (To Select)
A4: Account Type | B4: All Listed | C4: Korean
F9: =code -> A054950
A10: Account | B10: Period | C10: Unit | D10: Base Date | E10: Name | F10: 제이브이엠
A11: M121500.M | B11: =LEFT(B12,4)-1& "AS" -> 2021AS | C11: Local mn | E11: 영업이익 | F11: 12494.62
A12: M121500.M | B12: =LEFT(B13,4)-1& "AS" -> 2022AS | C12: Local mn | E12: 영업이익 | F12: 21991.34
A13: M121500.M | B13: =LEFT(B14,4)-1& "AS" -> 2023AS | C13: Local mn | E13: 영업이익 | F13: 29770.73
A14: M121500.M | B14: =LEFT(B15,4)-1& "AS" -> 2024AS | C14: Local mn | E14: 영업이익 | F14: 30675.01
A15: M121500.M | B15: =IF(RIGHT(B23,2)="03",LEFT(B23,4)-1& "AS",LEFT(B23,4)& "AS") -> 2025AS | C15: Local mn | E15: 영업이익 | F15: 33276.26
A16: M121500.M | B16: =IF(RIGHT(B17,2)="03",LEFT(B17,4)-1 & "12",B17-3) -> 202406 | C16: Local mn | E16: 영업이익 | F16: 6870.05
A17: M121500.M | B17: =IF(RIGHT(B18,2)="03",LEFT(B18,4)-1 & "12",B18-3) -> 202409 | C17: Local mn | E17: 영업이익 | F17: 7359.69
A18: M121500.M | B18: =IF(RIGHT(B19,2)="03",LEFT(B19,4)-1 & "12",B19-3) -> 202412 | C18: Local mn | E18: 영업이익 | F18: 9126.74
A19: M121500.M | B19: =IF(RIGHT(B20,2)="03",LEFT(B20,4)-1 & "12",B20-3) -> 202503 | C19: Local mn | E19: 영업이익 | F19: 8865.2
A20: M121500.M | B20: =IF(RIGHT(B21,2)="03",LEFT(B21,4)-1 & "12",B21-3) -> 202506 | C20: Local mn | E20: 영업이익 | F20: 10903.18
A21: M121500.M | B21: =IF(RIGHT(B22,2)="03",LEFT(B22,4)-1 & "12",B22-3) -> 202509 | C21: Local mn | E21: 영업이익 | F21: 7596.14
A22: M121500.M | B22: =IF(RIGHT(B23,2)="03",LEFT(B23,4)-1 & "12",B23-3) -> 202512 | C22: Local mn | E22: 영업이익 | F22: 5911.74
A23: M121500.M | B23: =fq_m1 -> 202603 | C23: Local mn | E23: 영업이익 | F23: 9291.85

Sheet income
A1: Refresh | B1: Last Update : 2026-07-31 16:35:13
A3: Peer Analysis (To Select)
A4: Account Type | B4: All Listed | C4: Korean
F9: =code -> A054950
A10: Account | B10: Period | C10: Unit | D10: Base Date | E10: Name | F10: 제이브이엠
A11: M122710.M | B11: =LEFT(B12,4)-1& "AS" -> 2021AS | C11: Local mn | E11: 당기순이익(지배) | F11: 8950.51
A12: M122710.M | B12: =LEFT(B13,4)-1& "AS" -> 2022AS | C12: Local mn | E12: 당기순이익(지배) | F12: 15756.5
A13: M122710.M | B13: =LEFT(B14,4)-1& "AS" -> 2023AS | C13: Local mn | E13: 당기순이익(지배) | F13: 26243.57
A14: M122710.M | B14: =LEFT(B15,4)-1& "AS" -> 2024AS | C14: Local mn | E14: 당기순이익(지배) | F14: 28844.34
A15: M122710.M | B15: =IF(RIGHT(B23,2)="03",LEFT(B23,4)-1& "AS",LEFT(B23,4)& "AS") -> 2025AS | C15: Local mn | E15: 당기순이익(지배) | F15: 28350.8
A16: M122710.M | B16: =IF(RIGHT(B17,2)="03",LEFT(B17,4)-1 & "12",B17-3) -> 202406 | C16: Local mn | E16: 당기순이익(지배) | F16: 6041.89
A17: M122710.M | B17: =IF(RIGHT(B18,2)="03",LEFT(B18,4)-1 & "12",B18-3) -> 202409 | C17: Local mn | E17: 당기순이익(지배) | F17: 6896.24
A18: M122710.M | B18: =IF(RIGHT(B19,2)="03",LEFT(B19,4)-1 & "12",B19-3) -> 202412 | C18: Local mn | E18: 당기순이익(지배) | F18: 7644.84
A19: M122710.M | B19: =IF(RIGHT(B20,2)="03",LEFT(B20,4)-1 & "12",B20-3) -> 202503 | C19: Local mn | E19: 당기순이익(지배) | F19: 7777.06
A20: M122710.M | B20: =IF(RIGHT(B21,2)="03",LEFT(B21,4)-1 & "12",B21-3) -> 202506 | C20: Local mn | E20: 당기순이익(지배) | F20: 8899.81
A21: M122710.M | B21: =IF(RIGHT(B22,2)="03",LEFT(B22,4)-1 & "12",B22-3) -> 202509 | C21: Local mn | E21: 당기순이익(지배) | F21: 6399.22
A22: M122710.M | B22: =IF(RIGHT(B23,2)="03",LEFT(B23,4)-1 & "12",B23-3) -> 202512 | C22: Local mn | E22: 당기순이익(지배) | F22: 5274.71
A23: M122710.M | B23: =fq_m1 -> 202603 | C23: Local mn | E23: 당기순이익(지배) | F23: 7593.69

Sheet earnings_cum
A1: =sales_cum!$H$14& " 매출액" -> 202603 매출액 | B1: =sales_cum!F14 -> 45484.14
A2: =op_cum!$H$14& " 영업이익" -> 202603 영업이익 | B2: =op_cum!F14 -> 9291.85
A3: =income_cum!$H$14& " 당기순이익(지배)" -> 202603 당기순이익(지배) | B3: =income_cum!F14 -> 7593.69

Sheet sales_cum
A1: Refresh | B1: Last Update : 2026-07-31 16:35:16
A3: Peer Analysis (To Select)
A4: Account Type | B4: All Listed | C4: Korean
F9: =code -> A054950
A10: Account | B10: Period | C10: Unit | D10: Base Date | E10: Name | F10: 제이브이엠
A11: M121000.M | B11: =IF(RIGHT(B12,2)="03",LEFT(B12,4)-1 & "12",B12-3) -> 202509 | C11: Local mn | E11: 매출액 | F11: 39705.21 | G11: =LEFT(B11,4) -> 2025 | H11: =G11=LEFT(fq_0,4) -> FALSE
A12: M121000.M | B12: =IF(RIGHT(B13,2)="03",LEFT(B13,4)-1 & "12",B13-3) -> 202512 | C12: Local mn | E12: 매출액 | F12: 43067.42 | G12: =LEFT(B12,4) -> 2025 | H12: =G12=LEFT(fq_0,4) -> FALSE
A13: M121000.M | B13: =fq_m1 -> 202603 | C13: Local mn | E13: 매출액 | F13: 45484.14 | G13: =LEFT(B13,4) -> 2026 | H13: =G13=LEFT(fq_0,4) -> TRUE
F14: =SUMIF(G11:G13,LEFT(fq_0,4),F11:F13) -> 45484.14 | H14: =IF(H11,B11&"~"&B13,IF(H12,B12&"~"&B13,IF(H13,B13,"None"))) -> 202603

Sheet op_cum
A1: Refresh | B1: Last Update : 2026-07-31 16:35:18
A3: Peer Analysis (To Select)
A4: Account Type | B4: All Listed | C4: Korean
F9: =code -> A054950
A10: Account | B10: Period | C10: Unit | D10: Base Date | E10: Name | F10: 제이브이엠
A11: M121500.M | B11: =IF(RIGHT(B12,2)="03",LEFT(B12,4)-1 & "12",B12-3) -> 202509 | C11: Local mn | E11: 영업이익 | F11: 7596.14 | G11: =LEFT(B11,4) -> 2025 | H11: =G11=LEFT(fq_0,4) -> FALSE
A12: M121500.M | B12: =IF(RIGHT(B13,2)="03",LEFT(B13,4)-1 & "12",B13-3) -> 202512 | C12: Local mn | E12: 영업이익 | F12: 5911.74 | G12: =LEFT(B12,4) -> 2025 | H12: =G12=LEFT(fq_0,4) -> FALSE
A13: M121500.M | B13: =fq_m1 -> 202603 | C13: Local mn | E13: 영업이익 | F13: 9291.85 | G13: =LEFT(B13,4) -> 2026 | H13: =G13=LEFT(fq_0,4) -> TRUE
F14: =SUMIF(G11:G13,LEFT(fq_0,4),F11:F13) -> 9291.85 | H14: =IF(H11,B11&"~"&B13,IF(H12,B12&"~"&B13,IF(H13,B13,"None"))) -> 202603

Sheet income_cum
A1: Refresh | B1: Last Update : 2026-07-31 16:35:19
A3: Peer Analysis (To Select)
A4: Account Type | B4: All Listed | C4: Korean
F9: =code -> A054950
A10: Account | B10: Period | C10: Unit | D10: Base Date | E10: Name | F10: 제이브이엠
A11: M122710.M | B11: =IF(RIGHT(B12,2)="03",LEFT(B12,4)-1 & "12",B12-3) -> 202509 | C11: Local mn | E11: 당기순이익(지배) | F11: 6399.22 | G11: =LEFT(B11,4) -> 2025 | H11: =G11=LEFT(fq_0,4) -> FALSE
A12: M122710.M | B12: =IF(RIGHT(B13,2)="03",LEFT(B13,4)-1 & "12",B13-3) -> 202512 | C12: Local mn | E12: 당기순이익(지배) | F12: 5274.71 | G12: =LEFT(B12,4) -> 2025 | H12: =G12=LEFT(fq_0,4) -> FALSE
A13: M122710.M | B13: =fq_m1 -> 202603 | C13: Local mn | E13: 당기순이익(지배) | F13: 7593.69 | G13: =LEFT(B13,4) -> 2026 | H13: =G13=LEFT(fq_0,4) -> TRUE
F14: =SUMIF(G11:G13,LEFT(fq_0,4),F11:F13) -> 7593.69 | H14: =IF(H11,B11&"~"&B13,IF(H12,B12&"~"&B13,IF(H13,B13,"None"))) -> 202603

Sheet costsales
A1: Refresh | B1: Last Update : 2026-07-31 16:35:21
A3: Peer Analysis (To Select)
A4: Account Type | B4: All Listed | C4: Korean
F9: =code -> A054950
A10: Account | B10: Period | C10: Unit | D10: Base Date | E10: Name | F10: 제이브이엠
A11: M211400.M | B11: =LEFT(B12,4)-1& "AS" -> 2021AS | C11: % | E11: 매출원가율 | F11: 66.11
A12: M211400.M | B12: =LEFT(B13,4)-1& "AS" -> 2022AS | C12: % | E12: 매출원가율 | F12: 63.97
A13: M211400.M | B13: =LEFT(B14,4)-1& "AS" -> 2023AS | C13: % | E13: 매출원가율 | F13: 60.15
A14: M211400.M | B14: =LEFT(B15,4)-1& "AS" -> 2024AS | C14: % | E14: 매출원가율 | F14: 60.03
A15: M211400.M | B15: =IF(RIGHT(B23,2)="03",LEFT(B23,4)-1& "AS",LEFT(B23,4)& "AS") -> 2025AS | C15: % | E15: 매출원가율 | F15: 59.08
A16: M211400.M | B16: =IF(RIGHT(B17,2)="03",LEFT(B17,4)-1 & "12",B17-3) -> 202406 | C16: % | E16: 매출원가율 | F16: 60.18
A17: M211400.M | B17: =IF(RIGHT(B18,2)="03",LEFT(B18,4)-1 & "12",B18-3) -> 202409 | C17: % | E17: 매출원가율 | F17: 60.64
A18: M211400.M | B18: =IF(RIGHT(B19,2)="03",LEFT(B19,4)-1 & "12",B19-3) -> 202412 | C18: % | E18: 매출원가율 | F18: 57.85
A19: M211400.M | B19: =IF(RIGHT(B20,2)="03",LEFT(B20,4)-1 & "12",B20-3) -> 202503 | C19: % | E19: 매출원가율 | F19: 59.22
A20: M211400.M | B20: =IF(RIGHT(B21,2)="03",LEFT(B21,4)-1 & "12",B21-3) -> 202506 | C20: % | E20: 매출원가율 | F20: 59.05
A21: M211400.M | B21: =IF(RIGHT(B22,2)="03",LEFT(B22,4)-1 & "12",B22-3) -> 202509 | C21: % | E21: 매출원가율 | F21: 58.68
A22: M211400.M | B22: =IF(RIGHT(B23,2)="03",LEFT(B23,4)-1 & "12",B23-3) -> 202512 | C22: % | E22: 매출원가율 | F22: 59.36
A23: M211400.M | B23: =fq_m1 -> 202603 | C23: % | E23: 매출원가율 | F23: 58

Sheet costincome
A1: Refresh | B1: Last Update : 2026-07-31 16:35:23
A3: Peer Analysis (To Select)
A4: Account Type | B4: All Listed | C4: Korean
F9: =code -> A054950
A10: Account | B10: Period | C10: Unit | D10: Base Date | E10: Name | F10: 제이브이엠
A11: M211800.M | B11: =LEFT(B12,4)-1& "AS" -> 2021AS | C11: % | E11: 판관비율 | F11: 23.1
A12: M211800.M | B12: =LEFT(B13,4)-1& "AS" -> 2022AS | C12: % | E12: 판관비율 | F12: 20.54
A13: M211800.M | B13: =LEFT(B14,4)-1& "AS" -> 2023AS | C13: % | E13: 판관비율 | F13: 20.9
A14: M211800.M | B14: =LEFT(B15,4)-1& "AS" -> 2024AS | C14: % | E14: 판관비율 | F14: 20.73
A15: M211800.M | B15: =IF(RIGHT(B23,2)="03",LEFT(B23,4)-1& "AS",LEFT(B23,4)& "AS") -> 2025AS | C15: % | E15: 판관비율 | F15: 21.7
A16: M211800.M | B16: =IF(RIGHT(B17,2)="03",LEFT(B17,4)-1 & "12",B17-3) -> 202406 | C16: % | E16: 판관비율 | F16: 21.62
A17: M211800.M | B17: =IF(RIGHT(B18,2)="03",LEFT(B18,4)-1 & "12",B18-3) -> 202409 | C17: % | E17: 판관비율 | F17: 19.66
A18: M211800.M | B18: =IF(RIGHT(B19,2)="03",LEFT(B19,4)-1 & "12",B19-3) -> 202412 | C18: % | E18: 판관비율 | F18: 21.48
A19: M211800.M | B19: =IF(RIGHT(B20,2)="03",LEFT(B20,4)-1 & "12",B20-3) -> 202503 | C19: % | E19: 판관비율 | F19: 20.08
A20: M211800.M | B20: =IF(RIGHT(B21,2)="03",LEFT(B21,4)-1 & "12",B21-3) -> 202506 | C20: % | E20: 판관비율 | F20: 18.01
A21: M211800.M | B21: =IF(RIGHT(B22,2)="03",LEFT(B22,4)-1 & "12",B22-3) -> 202509 | C21: % | E21: 판관비율 | F21: 22.19
A22: M211800.M | B22: =IF(RIGHT(B23,2)="03",LEFT(B23,4)-1 & "12",B23-3) -> 202512 | C22: % | E22: 판관비율 | F22: 26.91
A23: M211800.M | B23: =fq_m1 -> 202603 | C23: % | E23: 판관비율 | F23: 21.57

Sheet netdebt
A1: Refresh | B1: Last Update : 2026-07-31 16:35:26
A3: Peer Analysis (To Select)
A4: Account Type | B4: All Listed | C4: Korean
F9: =code -> A054950
A10: Account | B10: Period | C10: Unit | D10: Base Date | E10: Name | F10: 제이브이엠
A11: M222100.M | B11: =LEFT(B12,4)-1& "AS" -> 2021AS | C11: % | E11: 순부채비율 | F11: N/A(-20.77)
A12: M222100.M | B12: =LEFT(B13,4)-1& "AS" -> 2022AS | C12: % | E12: 순부채비율 | F12: N/A(-23.00)
A13: M222100.M | B13: =LEFT(B14,4)-1& "AS" -> 2023AS | C13: % | E13: 순부채비율 | F13: N/A(-32.05)
A14: M222100.M | B14: =LEFT(B15,4)-1& "AS" -> 2024AS | C14: % | E14: 순부채비율 | F14: N/A(-36.96)
A15: M222100.M | B15: =IF(RIGHT(B23,2)="03",LEFT(B23,4)-1& "AS",LEFT(B23,4)& "AS") -> 2025AS | C15: % | E15: 순부채비율 | F15: N/A(-43.35)
A16: M222100.M | B16: =IF(RIGHT(B17,2)="03",LEFT(B17,4)-1 & "12",B17-3) -> 202406 | C16: % | E16: 순부채비율 | F16: N/A(-36.59)
A17: M222100.M | B17: =IF(RIGHT(B18,2)="03",LEFT(B18,4)-1 & "12",B18-3) -> 202409 | C17: % | E17: 순부채비율 | F17: N/A(-39.25)
A18: M222100.M | B18: =IF(RIGHT(B19,2)="03",LEFT(B19,4)-1 & "12",B19-3) -> 202412 | C18: % | E18: 순부채비율 | F18: N/A(-36.96)
A19: M222100.M | B19: =IF(RIGHT(B20,2)="03",LEFT(B20,4)-1 & "12",B20-3) -> 202503 | C19: % | E19: 순부채비율 | F19: N/A(-37.07)
A20: M222100.M | B20: =IF(RIGHT(B21,2)="03",LEFT(B21,4)-1 & "12",B21-3) -> 202506 | C20: % | E20: 순부채비율 | F20: N/A(-41.73)
A21: M222100.M | B21: =IF(RIGHT(B22,2)="03",LEFT(B22,4)-1 & "12",B22-3) -> 202509 | C21: % | E21: 순부채비율 | F21: N/A(-44.79)
A22: M222100.M | B22: =IF(RIGHT(B23,2)="03",LEFT(B23,4)-1 & "12",B23-3) -> 202512 | C22: % | E22: 순부채비율 | F22: N/A(-43.35)
A23: M222100.M | B23: =fq_m1 -> 202603 | C23: % | E23: 순부채비율 | F23: N/A(-45.83)
